study	EUR	AFR	SAS	EAS	Unassigned	count
Alasoo_2018	84	0	0	0	0	84
BLUEPRINT	197	0	0	0	0	197
Bossini-Castillo_2019	119	0	0	0	0	119
Braineac2	110	0	0	0	0	110
BrainSeq	232	227	1	0	19	479
CAP	100	45	0	0	3	148
CEDAR	322	0	0	0	0	322
CommonMind	477	80	2	2	25	586
Fairfax_2012	422	0	0	0	2	424
Fairfax_2014	422	0	0	0	2	424
FUSION	297	0	0	0	0	297
GENCORD	194	0	0	0	2	196
GEUVADIS	358	87	0	0	0	445
Gilchrist_2021	422	0	0	0	2	424
GTEx	712	95	3	10	18	838
HipSci	320	0	1	0	1	322
iPSCORE	94	0	5	1	7	107
Kasela_2017	299	0	0	0	0	299
Lepik_2017	479	0	0	0	0	479
Naranbhai_2015	422	0	0	0	2	424
Nedelec_2016	96	64	0	0	8	168
Peng_2018	113	11	0	6	19	149
PhLiPS	42	38	2	0	2	84
Quach_2016	100	100	0	0	0	200
ROSMAP	560	0	0	0	0	560
Schmiedel_2018	53	4	3	21	10	91
Schwartzentruber_2018	98	0	0	0	0	98
Steinberg_2020	73	0	0	0	0	73
TwinsUK	432	0	0	0	1	433
van_de_Bunt_2015	117	0	0	0	0	117
Young_2019	96	3	3	0	2	104
Nathan_2022	0	1	0	0	257	258
MacroMap	201	0	0	0	1	202
Cytoimmgem	119	0	0	0	1	120
Perez_2022	140	2	4	97	15	258
OneK1K	1092	0	1	3	2	1098
GAinS	607	1	15	3	4	630
AFR_LCL	0	648	0	0	11	659
PISA	126	0	0	0	1	127
Nassiri_2025	185	0	0	0	0	185
MAGE	130	181	128	129	107	675
Aygun_2021	17	21	0	5	46	89
Walker_2019	45	55	0	12	102	214
IBDverse	409	0	0	0	0	409
DICE	53	4	3	20	10	90
GTEx_v10	798	108	3	10	25	944
INTERVAL_RNA	4732	0	0	0	0	4732
Natri_2024	95	11	0	0	8	114
Sun_2018	3301	0	0	0	0	3301
