ID_hg38	n_unique_genes_in_ld_block
1_100360849_101575460	3
1_105545220_107867043	1
1_107867043_109761309	1
1_109761309_111199115	2
1_111199115_112730684	1
1_112730684_114331223	4
1_11717784_12719464	3
1_151566405_153208353	1
1_153208353_154797927	3
1_156366342_158057622	4
1_159943258_162376931	2
1_16571235_18336405	4
1_166491280_169117086	2
1_1961168_3666172	4
1_197342384_199270756	1
1_200168521_201620847	3
1_206268085_208237019	1
1_235656136_237392328	1
1_23594100_25190354	1
1_37083582_38266175	3
1_46433829_47536904	2
1_7187275_9305140	1
1_76262450_79195513	1
1_91420760_93070902	1
1_93070902_94040635	1
10_118831841_120647811	3
10_13279600_14984069	1
10_16509768_18248338	1
10_25289667_26599755	1
10_30169909_31618591	3
10_4530082_5941799	1
10_46978910_49632869	2
10_5941799_7129522	3
10_61581937_64034354	1
10_79116992_80654923	6
10_86177820_87367307	1
11_107973474_108566310	3
11_109995390_111243672	1
11_111243672_112588765	1
11_117876395_119344766	1
11_1192365_3644251	2
11_122721202_123629409	1
11_133130151_134336099	1
11_35481057_37095265	1
11_4725479_6301639	1
11_59013076_62456299	4
11_6301639_7415470	1
11_64037097_66131160	11
11_72574973_74701306	1
11_9065770_10930480	1
11_94509094_95992877	1
12_106042435_106564970	2
12_109898914_112825713	1
12_23667700_25218149	2
12_25218149_27646840	2
12_41264784_43590671	4
12_45630446_47321010	1
12_55272053_57155077	5
12_57155077_58914885	5
13_26710225_28683414	1
13_38304026_40495126	2
13_40495126_42526891	2
13_70952659_73359952	1
13_75096006_76836420	1
14_34377045_35390387	6
14_54766963_55750162	1
14_90830516_92665954	1
15_27052965_29046299	1
15_38238576_40091931	3
15_46326589_47843851	1
15_58149167_59401917	1
15_66802429_68725660	3
15_76106283_78223711	2
15_83591716_86109674	4
15_89932319_91621162	2
16_11426305_12519241	4
16_27434434_29025292	16
16_29025292_31371622	21
16_31371622_34586599	3
16_3951195_5068344	1
16_53348660_55869862	1
16_83443603_84412277	2
17_16509028_18953007	4
17_2025437_3799018	1
17_34585779_36141651	1
17_38653091_40721152	9
17_41743558_43694719	6
17_4792966_5838014	1
17_74676064_76379479	4
17_79302554_80863788	2
18_11905441_14440800	1
18_23069508_25416687	1
18_69508584_70953943	3
19_11173352_13360313	2
19_15537799_16263605	1
19_16263605_18299052	3
19_18299052_19766662	4
19_2098397_3019662	1
19_33772047_35978393	1
19_40478694_41625199	1
19_4348970_5811841	1
19_46646825_48778970	1
19_51029311_52482037	2
19_55216712_57009967	11
19_57009967_58607472	7
19_9127717_11173352	1
2_109814855_113164279	5
2_113164279_116014894	1
2_189017339_191108631	3
2_197213386_198446401	2
2_200711561_201953914	4
2_201953914_204934518	1
2_205870980_207780675	1
2_216850938_217530757	1
2_217530757_219589829	1
2_241210506_242147200	1
2_24464049_26672117	1
2_28375910_28994693	4
2_28994693_30240845	1
2_30240845_31327584	1
2_53281314_54458089	2
2_60064865_62201909	2
2_64398779_65706310	3
2_84913556_87738988	4
2_94660727_98378738	7
2_98378738_101205867	1
20_15977714_17506587	2
20_25363595_33027017	3
20_34225635_36332043	6
20_44051536_46210417	4
20_48583442_50623121	1
20_57872903_59831517	4
20_63558827_64333810	4
21_33004691_33853161	4
21_33853161_35152076	1
21_41901419_43086158	5
21_43086158_44757190	2
22_19924835_22002927	6
22_24588236_26395662	1
22_29255810_31043932	9
22_35134992_37174229	3
22_37174229_38911889	9
22_38911889_40149793	2
22_44599428_46074615	1
3_10977979_13029299	2
3_118811404_120804208	1
3_120804208_122255250	1
3_126496100_128476018	3
3_159760101_161806716	1
3_16240935_17849626	1
3_168863172_171247120	2
3_17849626_19083652	1
3_192626025_194338942	1
3_27799419_29100769	2
3_30676463_32310223	1
3_32310223_33214100	2
3_45123661_46616010	5
4_10697528_12321410	1
4_166931766_168755674	1
4_37253425_38905401	1
4_48121583_53011266	3
4_55681477_58068842	1
4_78172825_80069143	6
4_80069143_81204161	2
4_9324753_10697528	1
5_102243065_103984304	2
5_126449957_128008912	1
5_130183332_132803957	3
5_132803957_135441711	4
5_13464722_14757695	3
5_151181737_153488214	1
5_157201689_159398690	1
5_176023592_177824506	1
5_54407214_56121522	1
5_56121522_57325275	2
5_9718720_11173159	2
6_13209156_14802693	1
6_14802693_17386174	1
6_148599216_149932268	4
6_149932268_151591568	1
6_157797687_160159465	1
6_166611245_167642155	5
6_25684359_26791023	5
6_26791023_28050041	2
6_28050041_28949831	4
6_28949831_29770194	2
6_29770194_30830391	2
6_30830391_31603441	1
6_31603441_32714887	12
6_33268720_35487979	7
6_35487979_37604820	4
6_43788432_45438826	1
6_52345678_53414304	1
6_93731457_96645635	2
7_100599028_101555972	1
7_110007537_112978629	1
7_127229167_129138332	4
7_130737653_133121089	1
7_134622844_135906335	2
7_25869935_28320690	8
7_5814895_6534226	2
7_91032469_92864438	2
7_99117851_100599028	13
8_10605687_11421489	2
8_11421489_13634266	4
8_123849219_124671478	1
8_124671478_125398675	1
8_143155464_145078481	1
8_19635329_20203345	1
8_71377219_72904964	1
8_78220626_81044160	1
9_119498019_122109043	7
9_122109043_124209608	1
9_124209608_126297386	1
9_4884926_6557589	2
9_7154923_8456299	1
9_87521331_89827251	1
