dataset_id	sample_group	v8_sample_size	v10_sample_size	percent_increase
QTD000116	adipose_subcutaneous	581	711	0.223752151462995
QTD000121	adipose_visceral	469	584	0.245202558635394
QTD000126	adrenal_gland	233	295	0.266094420600858
QTD000131	artery_aorta	387	472	0.219638242894057
QTD000136	artery_coronary	213	268	0.258215962441315
QTD000141	artery_tibial	584	689	0.179794520547945
QTD000146	brain_amygdala	129	180	0.395348837209302
QTD000151	brain_anterior_cingulate_cortex	147	233	0.585034013605442
QTD000156	brain_caudate	194	298	0.536082474226804
QTD000161	brain_cerebellar_hemisphere	175	276	0.577142857142857
QTD000166	brain_cerebellum	209	263	0.258373205741627
QTD000171	brain_cortex	205	268	0.307317073170732
QTD000176	brain_frontal_cortex	175	268	0.531428571428571
QTD000181	brain_hippocampus	165	254	0.539393939393939
QTD000186	brain_hypothalamus	170	256	0.505882352941176
QTD000191	brain_nucleus_accumbens	202	284	0.405940594059406
QTD000196	brain_putamen	170	253	0.488235294117647
QTD000201	brain_spinal_cord	126	203	0.611111111111111
QTD000206	brain_substantia_nigra	114	183	0.605263157894737
QTD000211	breast	394	511	0.296954314720812
QTD000216	fibroblast	483	649	0.343685300207039
QTD000221	LCL	147	326	1.21768707482993
QTD000226	colon_sigmoid	318	418	0.314465408805031
QTD000231	colon_transverse	368	477	0.296195652173913
QTD000236	esophagus_gej	330	403	0.221212121212121
QTD000241	esophagus_mucosa	493	614	0.245436105476673
QTD000246	esophagus_muscularis	461	561	0.216919739696312
QTD000251	heart_atrial_appendage	372	459	0.233870967741935
QTD000256	heart_left_ventricle	382	449	0.175392670157068
QTD000261	kidney_cortex	73	103	0.410958904109589
QTD000266	liver	208	261	0.254807692307692
QTD000271	lung	510	601	0.17843137254902
QTD000276	minor_salivary_gland	144	180	0.25
QTD000281	muscle	702	816	0.162393162393162
QTD000286	nerve_tibial	532	667	0.253759398496241
QTD000291	ovary	167	191	0.143712574850299
QTD000296	pancreas	305	362	0.186885245901639
QTD000301	pituitary	237	311	0.312236286919831
QTD000306	prostate	218	281	0.288990825688073
QTD000311	skin_not_sun_exposed	517	649	0.25531914893617
QTD000316	skin_sun_exposed	602	751	0.247508305647841
QTD000321	small_intestine	174	206	0.183908045977011
QTD000326	spleen	227	277	0.220264317180617
QTD000331	stomach	324	406	0.253086419753086
QTD000336	testis	322	413	0.282608695652174
QTD000341	thyroid	574	681	0.186411149825784
QTD000346	uterus	129	152	0.178294573643411
QTD000351	vagina	141	170	0.205673758865248
QTD000356	blood	670	800	0.194029850746269
